pair,method,phase,duration_s,err_p_p95_mm,arm_rev_adj_per_s,du_arm_p95
p1,H5,ALIGN,6.06,11.253,0.0,0.038486
p1,H5,ENGAGE_WAIT,3.67,1.161,0.0,0.037444
p1,H5,OPEN,6.76,8.826,1.331,0.153626
p1,H5,OPEN_HOLD,2.09,1.829,11.483,0.223315
p1,H5,CLOSE,6.93,9.493,0.866,0.129029
p1,H5,CLOSE_HOLD,2.09,1.773,1.914,0.157657
p1,H5,RELEASE_WAIT,0.77,1.914,3.896,0.146468
p1,H5,RETREAT,1.79,6.223,12.849,0.270728
p1,H1,ALIGN,7.69,25.085,27.828,0.342715
p1,H1,ENGAGE_WAIT,3.91,3.418,28.645,0.225747
p1,H1,OPEN,10.01,9.658,29.67,0.354679
p1,H1,OPEN_HOLD,2.11,2.062,29.858,0.243482
p1,H1,CLOSE,9.0,12.095,27.778,0.368797
p1,H1,CLOSE_HOLD,2.11,4.741,27.488,0.239763
p1,H1,RELEASE_WAIT,0.72,5.482,19.444,0.238864
p1,H1,RETREAT,1.93,9.597,28.497,0.327228
p2,H5,ALIGN,6.4,11.711,0.0,0.031344
p2,H5,ENGAGE_WAIT,3.71,1.098,0.0,0.024928
p2,H5,OPEN,8.04,6.941,0.0,0.048489
p2,H5,OPEN_HOLD,2.12,1.469,0.0,0.010052
p2,H5,CLOSE,8.27,7.46,0.0,0.047345
p2,H5,CLOSE_HOLD,2.11,1.172,5.687,0.231607
p2,H5,RELEASE_WAIT,0.76,3.75,7.895,0.228727
p2,H5,RETREAT,1.85,6.441,10.27,0.248387
p2,H1,ALIGN,8.29,13.832,18.094,0.296232
p2,H1,ENGAGE_WAIT,7.1,2.981,29.296,0.227672
p2,H1,OPEN,9.9,9.694,29.091,0.357896
p2,H1,OPEN_HOLD,2.1,0.912,30.0,0.245546
p2,H1,CLOSE,9.11,12.952,28.211,0.367579
p2,H1,CLOSE_HOLD,2.09,6.174,22.967,0.244339
p2,H1,RELEASE_WAIT,0.79,4.424,27.848,0.232222
p2,H1,RETREAT,2.22,6.812,19.82,0.259377
p3r,H5,ALIGN,7.41,7.834,0.0,0.030148
p3r,H5,ENGAGE_WAIT,3.84,1.695,0.0,0.01518
p3r,H5,OPEN,8.48,6.781,0.0,0.049962
p3r,H5,OPEN_HOLD,2.15,1.791,0.0,0.012638
p3r,H5,CLOSE,8.71,7.357,3.444,0.201022
p3r,H5,CLOSE_HOLD,2.1,1.493,4.762,0.223683
p3r,H5,RELEASE_WAIT,0.75,2.839,8.0,0.231257
p3r,H5,RETREAT,2.21,5.161,16.742,0.23314
p3r,H1,ALIGN,8.8,14.66,25.795,0.294421
p3r,H1,ENGAGE_WAIT,23.96,2.741,29.341,0.229955
p3r,H1,OPEN,10.71,9.525,28.945,0.34209
p3r,H1,OPEN_HOLD,2.12,2.045,29.717,0.248749
p3r,H1,CLOSE,8.8,11.39,26.591,0.359191
p3r,H1,CLOSE_HOLD,2.17,4.754,27.65,0.225002
p3r,H1,RELEASE_WAIT,0.79,2.674,26.582,0.223279
p3r,H1,RETREAT,2.17,6.132,23.963,0.271914
